predicted_label,positive,neutral,negative,conflict,none
0,0.9649501,0.010135119,0.005832269,0.009397123,0.009685356
4,0.0019516698,0.002669865,0.0015376082,0.0010077854,0.99283314
0,0.9675791,0.009589829,0.004388693,0.0079749,0.01046735
4,0.0018155919,0.0025537852,0.0017305007,0.0009285977,0.9929714
4,0.0050236327,0.005862919,0.009142139,0.0022490174,0.9777223
2,0.042016856,0.09081792,0.5961479,0.052039556,0.21897781
4,0.0025236884,0.0028208494,0.0016648562,0.0010641944,0.9919265
4,0.0025285285,0.0029364398,0.0026817385,0.0011151576,0.9907382
4,0.002084476,0.002886731,0.0016739327,0.0010920617,0.9922629
4,0.21844417,0.08198504,0.15956686,0.04578316,0.49422073
4,0.002731609,0.002560555,0.0015700903,0.0009934445,0.99214405
1,0.24075386,0.3964406,0.16625229,0.088357545,0.10819587
0,0.97681457,0.0076602595,0.0037866756,0.007788319,0.0039502983
4,0.38784674,0.061952755,0.018893158,0.012933224,0.51837415
4,0.01141494,0.0070372336,0.004235409,0.0023708064,0.97494155
0,0.96839017,0.00943635,0.00472753,0.009896691,0.00754927
0,0.97102875,0.008873376,0.0048275306,0.009226103,0.0060442584
0,0.83936125,0.084591396,0.024476336,0.04303212,0.008538913
4,0.0015793532,0.0027608238,0.0019265469,0.0010026083,0.99273044
4,0.003142832,0.0032340372,0.0018194409,0.0013518551,0.99045193
0,0.90309954,0.022554273,0.0099866055,0.0107102785,0.053649314
4,0.0021969231,0.002608999,0.0015879514,0.00092520996,0.9926808
0,0.9704472,0.011603703,0.003211386,0.00576786,0.008969944
0,0.90867674,0.01987508,0.008171197,0.008961527,0.054315414
4,0.0019875334,0.0026980988,0.0015167198,0.0009551585,0.9928426
0,0.9760118,0.00814992,0.0036653152,0.008071165,0.004101581
4,0.024234535,0.006559414,0.0048972224,0.0023968522,0.96191186
4,0.0023081035,0.0030760772,0.0023746307,0.0012188721,0.9910226
0,0.97350055,0.009151978,0.003704867,0.0063776355,0.0072650765
4,0.0029300214,0.0027051351,0.0016823619,0.0010417723,0.9916409
4,0.0018978157,0.0031403857,0.0017719953,0.00112894,0.99206084
4,0.0058123358,0.0035205872,0.0018172602,0.0013567036,0.9874933
4,0.001769637,0.0026697426,0.0016678915,0.0009246098,0.992968
4,0.0020607158,0.003100891,0.0015168674,0.0010692973,0.992252
0,0.97451764,0.009322274,0.0037895497,0.007955605,0.004414633
4,0.0026624023,0.0043067043,0.0030725403,0.0015103645,0.9884482
0,0.97279006,0.0089466125,0.004899222,0.009746054,0.0036180795
2,0.06480343,0.106463775,0.4906258,0.042761333,0.29534572
0,0.83053863,0.024363823,0.0061335843,0.007351045,0.13161297
4,0.0033133898,0.004487935,0.00604344,0.0017760625,0.9843793
4,0.0016526827,0.0034517243,0.003011793,0.0012367956,0.990647
2,0.04553457,0.06340164,0.77949536,0.05679281,0.054775678
4,0.0017714081,0.0029356559,0.0023596613,0.0011023339,0.99183095
4,0.0038511192,0.0028709474,0.0019223541,0.0012873462,0.9900685
4,0.003184653,0.0027512303,0.0012845673,0.0009359661,0.9918438
0,0.97055405,0.008818256,0.0049799057,0.008485967,0.007161916
0,0.9649609,0.012548084,0.005319128,0.009704282,0.0074675903
4,0.057620667,0.04363141,0.02892326,0.012169273,0.85765535
4,0.0032300486,0.003374815,0.0013627743,0.0012024577,0.9908298
0,0.9160407,0.037404962,0.015971726,0.026912555,0.0036697676
4,0.0023205052,0.0035051913,0.0031242848,0.0013553334,0.9896947
4,0.28296068,0.027803592,0.0111005725,0.008580148,0.6695549
4,0.018867107,0.018679492,0.028428257,0.0051132804,0.9289118
4,0.0029210765,0.004809202,0.004282207,0.0016959524,0.98629135
0,0.84808844,0.023785107,0.008356412,0.009638198,0.11013197
4,0.0032106985,0.0034467191,0.001844245,0.0011117306,0.9903867
0,0.88656116,0.025561867,0.0065585384,0.008225551,0.07309285
4,0.0024488508,0.0030277504,0.0012234431,0.0010292014,0.99227095
2,0.034946177,0.07462392,0.76650435,0.11037215,0.013553406
4,0.0026370871,0.002837263,0.0016406245,0.0011114628,0.99177325
2,0.047420017,0.10848822,0.6520473,0.06290538,0.129139
4,0.0051042764,0.008542639,0.018383082,0.0030417957,0.96492827
0,0.89926195,0.021065386,0.0044266144,0.008246052,0.0669999
4,0.03563288,0.0462116,0.13671125,0.024698498,0.75674576
4,0.005428046,0.0055642747,0.0047080526,0.0017002033,0.9825994
4,0.0055128285,0.0039180904,0.0019255211,0.0011954025,0.987448
0,0.7555965,0.0880947,0.051086742,0.035802856,0.0694192
0,0.97602624,0.008334159,0.0038421187,0.008899206,0.0028981315
2,0.029214613,0.09044156,0.75187,0.11588565,0.012588239
0,0.5720416,0.16005489,0.1278621,0.12950301,0.010538531
4,0.003528767,0.003477221,0.0035942742,0.0015480409,0.9878516
4,0.036697906,0.007826945,0.0044236495,0.0024592304,0.9485922
4,0.3481606,0.030803334,0.013345341,0.008406577,0.599284
0,0.96834254,0.010333494,0.0040298225,0.0074379197,0.009856006
0,0.9448388,0.01904981,0.007070722,0.010905861,0.018134903
4,0.006424215,0.0053720567,0.00610475,0.0020142468,0.9800846
4,0.007921454,0.012302755,0.028509388,0.0042144572,0.9470519
4,0.003421278,0.004037688,0.004715784,0.0011983742,0.9866267
0,0.9764391,0.008494201,0.0033167219,0.006441036,0.0053087007
4,0.042212643,0.05654657,0.1813263,0.027943734,0.69197077
4,0.0031868885,0.0037287867,0.0017564318,0.0011809096,0.9901468
0,0.9762227,0.00898872,0.0035908995,0.0073708445,0.00382672
0,0.9485469,0.015079337,0.0053968695,0.007051012,0.023925817
4,0.0030811187,0.0029024077,0.0015439289,0.0010644421,0.9914082
0,0.97466034,0.009233307,0.0037036855,0.008745418,0.0036574134
0,0.92723703,0.03573839,0.008615126,0.018003793,0.010405744
4,0.0028707038,0.0033506136,0.0013758795,0.00107452,0.9913284
0,0.9733111,0.009758796,0.0045529422,0.008079589,0.004297576
0,0.41898823,0.16856204,0.23458436,0.1612091,0.016656186
4,0.00864379,0.007614088,0.0076564588,0.00356092,0.9725248
0,0.6612244,0.027627539,0.010412371,0.00894594,0.29178974
0,0.9031727,0.034048926,0.010884103,0.010823575,0.04107067
0,0.7562158,0.07045741,0.09694167,0.071778275,0.0046068635
4,0.0074172504,0.009544705,0.015228276,0.00373678,0.9640731
4,0.0020381066,0.0028898795,0.0016687039,0.0009994389,0.99240386
4,0.004642847,0.0055469093,0.005441159,0.0025468268,0.9818224
4,0.004388231,0.0041422644,0.002339584,0.0010340745,0.98809576
4,0.0027147804,0.0027255067,0.001984503,0.0011662786,0.99140865
0,0.9088982,0.020246886,0.006361462,0.008762791,0.055730585
4,0.0024571847,0.0025882118,0.001401022,0.0009977879,0.9925558
4,0.0025879291,0.0028304958,0.0015661065,0.0010469579,0.99196863
4,0.0023465725,0.0044609243,0.001754873,0.0015092622,0.9899283
2,0.033832885,0.06456796,0.7930093,0.09724169,0.011348127
2,0.038979404,0.11744292,0.6624164,0.15889558,0.022265697
0,0.97441316,0.010421341,0.0035749457,0.008193577,0.003397196
4,0.00212408,0.003812097,0.0032785733,0.0014406708,0.98934454
0,0.9550067,0.02196678,0.00616085,0.0114653995,0.0054004323
0,0.9749676,0.008517075,0.0041340776,0.007859141,0.0045221383
0,0.9713518,0.010651839,0.005274134,0.010517175,0.002205097
4,0.0035688586,0.0039195605,0.0021840122,0.0017043812,0.98862296
0,0.79914653,0.06969464,0.048410006,0.07883421,0.003914443
0,0.9740684,0.0090658385,0.0041919914,0.008001166,0.004672871
0,0.778501,0.025286768,0.0062833983,0.007655878,0.18227285
0,0.9091674,0.03845384,0.020478278,0.028005227,0.0038951794
0,0.9736681,0.010826725,0.0034779222,0.009048965,0.0029780774
4,0.059527908,0.11539428,0.13858454,0.03563818,0.65085506
0,0.9719717,0.0101697575,0.004399356,0.009795814,0.0036632796
4,0.0022147559,0.0038295384,0.0033701381,0.001429608,0.9891558
4,0.0022214625,0.0040110415,0.003254693,0.0014535564,0.9890592
4,0.0030998264,0.0039815335,0.0044361637,0.0015583457,0.9869241
4,0.0050668516,0.004694555,0.005965544,0.0020051468,0.9822679
4,0.009412348,0.008144088,0.013989853,0.0033432404,0.96511054
4,0.005330541,0.0038667836,0.0016221441,0.0011623113,0.98801833
0,0.9690068,0.013902742,0.004035682,0.007964798,0.0050900825
0,0.91362864,0.03821753,0.014457503,0.030492125,0.0032039923
0,0.9733177,0.008368423,0.003968044,0.010102487,0.0042432602
0,0.9756085,0.009085561,0.003472237,0.008796521,0.0030371307
0,0.96941626,0.008525799,0.005755925,0.0087685175,0.0075334553
4,0.0052485545,0.012523362,0.015915036,0.005892167,0.960421
2,0.04145855,0.12764303,0.6797002,0.07723187,0.073966384
4,0.005708292,0.0053558033,0.005274793,0.0016595008,0.9820015
4,0.02961154,0.025776403,0.019783013,0.005985058,0.9188438
4,0.0022363781,0.0032121565,0.003144448,0.0012441212,0.99016297
4,0.0047665033,0.0059399856,0.008239766,0.0025260772,0.9785278
4,0.0016812962,0.0032761276,0.0020463371,0.0011871392,0.99180925
4,0.0067686257,0.006399343,0.004903375,0.0016064151,0.98032236
4,0.0027497336,0.003241794,0.0015767752,0.0012348463,0.99119693
0,0.94802034,0.016702889,0.004930817,0.010030439,0.020315524
0,0.97453207,0.008617156,0.0043377597,0.009960248,0.0025527554
4,0.0028625967,0.004016314,0.00198436,0.0011471448,0.98998964
4,0.0045255423,0.0031781206,0.0014193062,0.0011765565,0.9897003
0,0.8443504,0.025357664,0.008718794,0.009683813,0.11188936
4,0.0026980331,0.0023957256,0.0014511955,0.0008701251,0.9925847
0,0.9676438,0.012662437,0.0046255607,0.012915414,0.0021529202
4,0.0016388207,0.0031312902,0.0017491436,0.0011012076,0.99237967
4,0.0019244591,0.0032499644,0.002577937,0.0010955055,0.9911521
2,0.051852237,0.11216875,0.63762355,0.067899324,0.13045612
4,0.056005724,0.013201252,0.0066779098,0.0038943696,0.9202206
4,0.001990259,0.0030636392,0.002216742,0.0010405729,0.99168867
0,0.96764237,0.012672832,0.004560941,0.012883281,0.0022405302
0,0.27085468,0.2429292,0.2553366,0.22056423,0.010315437
0,0.97570753,0.008838158,0.0035061443,0.009084547,0.0028637147
4,0.0025243987,0.0028630823,0.0017028109,0.0012023746,0.99170715
4,0.054758273,0.007981657,0.0038285379,0.0026706723,0.93076104
4,0.0048389523,0.0031045424,0.0013814811,0.001006722,0.9896682
0,0.87599885,0.022699662,0.005401509,0.009026934,0.08687315
0,0.9689858,0.0094872415,0.004389164,0.0077762553,0.009361683
4,0.0025791025,0.0027110754,0.0013351706,0.00095341017,0.9924214
0,0.96647525,0.014687663,0.005078377,0.009338744,0.004419789
0,0.9532891,0.0134254815,0.007081738,0.009727473,0.01647635
0,0.9767036,0.007880561,0.003423566,0.007314541,0.0046777735
4,0.0020485006,0.0037840873,0.0018351822,0.0012999834,0.99103206
4,0.0019080737,0.0045104963,0.005341161,0.001528386,0.98671186
0,0.9178612,0.03728144,0.013773754,0.02815121,0.0029325094
2,0.04244836,0.08847126,0.6620234,0.07230599,0.13475104
2,0.05030506,0.096261255,0.72439736,0.0652491,0.063787244
0,0.9745675,0.0092712445,0.0042021964,0.0072775627,0.0046814466
4,0.12855512,0.062325705,0.061879132,0.013655954,0.7335841
4,0.034578994,0.01331393,0.005386136,0.0032649708,0.943456
0,0.9518097,0.02176555,0.008532067,0.014253886,0.0036388347
2,0.08863292,0.13153447,0.6256531,0.12624137,0.027938232
4,0.0019554538,0.0025830322,0.0013340913,0.0009108476,0.99321675
4,0.036282443,0.0068392386,0.0042558927,0.0028544168,0.949768
4,0.0027727103,0.0035493178,0.0019813457,0.0012215091,0.9904751
4,0.0043130964,0.003591937,0.0038118938,0.0016046162,0.9866785
4,0.0024620485,0.0028698498,0.0020472354,0.0011203099,0.9915005
4,0.0026716592,0.0035472773,0.0027751746,0.0014003159,0.9896054
4,0.0039461865,0.0029202213,0.0020117261,0.0012385767,0.9898834
0,0.9679017,0.012182724,0.005445828,0.011748028,0.0027216575
4,0.002159004,0.0031009056,0.002482818,0.0011710327,0.9910863
4,0.0035818256,0.006616426,0.010004754,0.002103445,0.97769356
0,0.97618216,0.008039057,0.0038605495,0.008416171,0.0035019403
4,0.001777302,0.0031387943,0.0023112355,0.0011847205,0.99158794
4,0.0023541588,0.0033733798,0.0025666074,0.0013360635,0.99036974
2,0.039616562,0.061099235,0.78081816,0.10840279,0.01006301
4,0.0039321254,0.004222664,0.0048935437,0.0018756966,0.9850759
2,0.083794594,0.11017825,0.69930464,0.079924844,0.026797762
0,0.9738032,0.009889869,0.003971416,0.008647431,0.0036878972
4,0.0037744641,0.0025525286,0.0016879224,0.0010175552,0.9909678
0,0.85294497,0.05533151,0.04595079,0.030805573,0.014967069
4,0.0034197092,0.0034748507,0.0015168386,0.0012608477,0.9903277
0,0.94268405,0.014715835,0.004338252,0.0070135593,0.031248225
0,0.97658074,0.00856886,0.003482461,0.00731894,0.0040490977
4,0.0017469797,0.0031048383,0.0016928626,0.0011031542,0.9923523
4,0.0027617202,0.0032015794,0.0020691096,0.0014700476,0.99049777
0,0.9577731,0.012138256,0.003832251,0.007604015,0.018652415
0,0.97669894,0.008808665,0.0035650653,0.007805261,0.0031220182
3,0.23706023,0.22170049,0.2483322,0.28749865,0.005408313
2,0.034084756,0.05106643,0.8186517,0.08272884,0.013468411
0,0.6701167,0.15230103,0.05559203,0.04769473,0.0742956
4,0.0023303516,0.0031135378,0.0017243534,0.0011735279,0.99165833
4,0.003870501,0.002735175,0.0014158378,0.00091138115,0.991067
0,0.97625947,0.008412118,0.0038805949,0.007763003,0.0036846786
4,0.0032468976,0.0034037188,0.0014914548,0.0010930037,0.99076504
4,0.002995627,0.0027774968,0.0012865473,0.00095724576,0.9919833
4,0.0018537723,0.002617093,0.0015343204,0.0009877145,0.9930069
4,0.03273957,0.0066196476,0.0023805099,0.002241105,0.95601904
0,0.9738065,0.008672648,0.004227149,0.009407098,0.003886752
0,0.97576284,0.009064897,0.0032842546,0.007285374,0.004602437
0,0.9183507,0.025640653,0.005706814,0.008593491,0.041708272
0,0.91559255,0.022239253,0.0068649855,0.008734998,0.04656818
4,0.003988585,0.0035567388,0.0030537245,0.0013357602,0.988065
4,0.0037245874,0.0045448057,0.004581985,0.0016657258,0.9854827
0,0.97652763,0.00873894,0.0031454826,0.006136954,0.0054508992
0,0.9725582,0.009667246,0.0041255583,0.009383565,0.004265212
4,0.36019367,0.06317933,0.015576816,0.014317141,0.54673314
0,0.9673904,0.012071848,0.0054918863,0.012781244,0.002264428
2,0.077332675,0.08808761,0.65025085,0.05334336,0.13098548
0,0.83877385,0.036476463,0.051888604,0.019741578,0.053119496
2,0.06642585,0.16361886,0.5055266,0.056837596,0.20759115
0,0.34823757,0.18530111,0.13668928,0.041511606,0.2882604
4,0.0034100513,0.0027844824,0.0012689836,0.0010455162,0.9914911
4,0.0027523614,0.0029105442,0.0013875039,0.00096548063,0.9919842
0,0.96689653,0.014019723,0.004989456,0.010111389,0.003983203
0,0.9759635,0.00959874,0.002998658,0.007182792,0.0042565116
0,0.97559124,0.008546448,0.0034422684,0.008869662,0.0035503253
0,0.9518249,0.017009024,0.005501025,0.0097008115,0.015964128
4,0.00465107,0.0033897636,0.0013566623,0.0011834237,0.98941904
2,0.03479736,0.058503818,0.8104849,0.07779371,0.018420277
0,0.9752582,0.00825037,0.004285012,0.009014461,0.003191874
0,0.97440106,0.00884736,0.004479435,0.008636494,0.0036359609
0,0.96936965,0.011670285,0.0053177257,0.0111122485,0.0025302412
4,0.0022779675,0.004701069,0.0033143945,0.0017586726,0.9879477
2,0.030738296,0.06269941,0.8106302,0.08372159,0.012210623
2,0.051548854,0.080416955,0.73511744,0.12530056,0.007616074
0,0.9698738,0.010684283,0.0057960288,0.008927671,0.0047182944
4,0.0020163252,0.003916446,0.0034007225,0.0013907496,0.98927563
4,0.0046816855,0.0046368293,0.0051242025,0.0020871633,0.9834701
2,0.032674853,0.057285074,0.8269576,0.06920846,0.013874154
4,0.009093982,0.009299165,0.008385031,0.0025062207,0.97071564
4,0.08680876,0.13594851,0.32168272,0.03856223,0.41699782
2,0.030615257,0.13450556,0.6118789,0.060215946,0.16278444
4,0.0038159366,0.004853062,0.005558088,0.0022102443,0.9835627
4,0.002438099,0.0036337753,0.0016595934,0.001145079,0.9911232
4,0.0018943041,0.0028838005,0.0015474297,0.0010900749,0.9925842
0,0.94752467,0.015205035,0.0048499317,0.008270415,0.024150101
0,0.8348003,0.07876118,0.041995727,0.033078533,0.011364324
4,0.003248327,0.0032369099,0.0017739019,0.0013198495,0.9904208
2,0.036837745,0.06109328,0.81713253,0.07430359,0.010632698
1,0.14734553,0.4355702,0.17328101,0.10818849,0.13561484
2,0.032702956,0.048686355,0.822207,0.08383454,0.012569231
4,0.0019578964,0.0030885378,0.0015238757,0.0011173437,0.9923125
2,0.061969917,0.075147055,0.73018456,0.05287122,0.07982718
0,0.97506565,0.008585623,0.003999658,0.006910592,0.0054383418
4,0.0048367097,0.0029051271,0.0020476317,0.0010716249,0.98913884
4,0.0020285747,0.0033221953,0.0015003203,0.0011522037,0.9919966
4,0.0028740936,0.0037258326,0.0024389965,0.0014585219,0.98950267
4,0.0030059896,0.0035062265,0.0016101247,0.0013315986,0.9905459
0,0.9619848,0.013119065,0.0062944163,0.009314485,0.009287288
4,0.0030844845,0.002764305,0.0013170631,0.0010070682,0.99182725
4,0.003732346,0.002871072,0.0011916151,0.0010208649,0.99118423
4,0.011613247,0.0040873913,0.0026534444,0.0015291611,0.98011684
4,0.00477944,0.0029379185,0.001867681,0.0011516,0.98926336
4,0.0035385482,0.0038395035,0.0021104503,0.0016496617,0.988862
0,0.91253954,0.025785664,0.008392871,0.012002483,0.041279655
4,0.0024481947,0.0026641104,0.0014490085,0.0010243437,0.99241436
4,0.0028855598,0.0031509607,0.0019763994,0.0013120109,0.99067533
2,0.036171477,0.081789136,0.74526,0.12906763,0.0077118194
4,0.0023007751,0.0029206963,0.0025004959,0.0010990725,0.99117905
4,0.003741969,0.0033784695,0.0024829116,0.0014614934,0.9889352
0,0.9622406,0.010994117,0.0046066814,0.0068333815,0.015325188
4,0.08326661,0.087337054,0.2001419,0.036062095,0.59319246
2,0.058986917,0.14521906,0.60333997,0.0675637,0.12489037
4,0.0024319508,0.0029891874,0.0016030568,0.001040133,0.99193555
0,0.9749291,0.009058325,0.0046714833,0.008690184,0.0026510493
0,0.5495109,0.09292214,0.020443833,0.018093143,0.31903005
4,0.015905226,0.007539356,0.0024163988,0.0025306682,0.9716085
4,0.003156504,0.0027869625,0.0015549929,0.0011539373,0.9913478
0,0.7428657,0.053438794,0.09360404,0.029997254,0.08009424
4,0.002040997,0.0028488406,0.0013580505,0.0010472671,0.9927049
4,0.0018081964,0.0029420387,0.0015541544,0.0009727742,0.992723
4,0.3244703,0.03608729,0.011797709,0.006680671,0.62096417
0,0.9735832,0.00871566,0.0044953586,0.009660512,0.0035454005
4,0.0032038912,0.0032488473,0.0015101526,0.0012183625,0.99081844
4,0.025343936,0.023612212,0.043807674,0.0086408695,0.8985952
2,0.036600716,0.06897996,0.7892311,0.09043345,0.014754707
4,0.0019394594,0.0028443285,0.0015552042,0.000985332,0.9926756
0,0.9748742,0.007823826,0.0040518134,0.008733491,0.004516492
4,0.08936059,0.017730791,0.009427372,0.0038341468,0.8796472
4,0.002605488,0.0027596364,0.001750522,0.0011342842,0.9917502
0,0.6435181,0.099810444,0.08717382,0.16586909,0.003628733
2,0.033562604,0.06578667,0.7927682,0.0945499,0.013332716
4,0.0060357917,0.0033724515,0.0015231324,0.0010816213,0.98798686
4,0.003180754,0.0029048529,0.0018636981,0.0012178322,0.9908326
0,0.9459974,0.020110482,0.0056366413,0.009921498,0.018333985
4,0.0018938164,0.0032072375,0.0031943526,0.0011243972,0.9905804
4,0.0015886201,0.0026510935,0.0016777563,0.00093327335,0.99314904
0,0.97382003,0.007960884,0.004589866,0.008932175,0.0046970313
4,0.0021168133,0.0025833945,0.001303739,0.0009378836,0.9930581
0,0.6210807,0.10929762,0.09320791,0.17330073,0.0031131818
0,0.96975654,0.010984438,0.004189308,0.012186659,0.0028830443
4,0.0029037616,0.0031710514,0.0011794515,0.0010157253,0.9917302
4,0.001795055,0.0033662836,0.0024081182,0.0013950935,0.9910354
4,0.002661598,0.0042445576,0.0040170075,0.0016599116,0.987417
4,0.0052709635,0.005246963,0.006499204,0.0021495486,0.9808334
4,0.0021011562,0.0033615646,0.0027508116,0.001342568,0.9904438
4,0.0024218448,0.00354487,0.0038637908,0.0012385722,0.9889309
4,0.0023011682,0.0035161881,0.002673427,0.0014815695,0.99002737
0,0.95299166,0.022150636,0.0070856027,0.013938794,0.0038331996
4,0.0034076213,0.0040386086,0.0039967033,0.0017526335,0.9868046
4,0.04168715,0.041077282,0.074427046,0.012136924,0.8306715
4,0.004372821,0.0039311545,0.0014785165,0.0011833041,0.9890341
0,0.30121624,0.20379312,0.21170807,0.064793915,0.21848866
0,0.32125244,0.24648619,0.24787043,0.17243144,0.011959527
0,0.91447747,0.035113186,0.0224839,0.023260053,0.004665642
0,0.6126696,0.04305843,0.028730825,0.016824502,0.2987167
0,0.63235664,0.13383767,0.10641242,0.12214066,0.0052526
4,0.0034626639,0.0040111407,0.0016557178,0.0016019961,0.98926866
0,0.9751889,0.008113677,0.0042534806,0.009041931,0.003401879
0,0.96978986,0.010836429,0.004542282,0.007857597,0.0069739646
4,0.002906438,0.0029387947,0.001324779,0.001111127,0.9917189
4,0.01334396,0.0044728927,0.0021451095,0.0013900633,0.9786477
2,0.036298618,0.05962134,0.81386787,0.07207634,0.01813583
4,0.005253337,0.0028012905,0.0017827443,0.0010102575,0.98915255
4,0.0031992716,0.0025736245,0.001377583,0.0009257806,0.99192375
4,0.0019322712,0.0026423526,0.0018708016,0.00096018985,0.9925946
4,0.0031305568,0.0032584758,0.002565314,0.001435712,0.9896102
4,0.0033757305,0.002918593,0.0013385646,0.0010630466,0.99130386
0,0.32843554,0.2425959,0.2385951,0.1581989,0.03217473
4,0.004445012,0.0029924302,0.0018094841,0.001187493,0.98956585
4,0.0048819347,0.0030271614,0.0016715261,0.0010301201,0.98938936
0,0.40386653,0.19530194,0.17181294,0.2233854,0.005633267
4,0.002958559,0.0046896082,0.004278091,0.0020617514,0.986012
4,0.0032959927,0.0037625486,0.0039197607,0.0015317049,0.9874899
0,0.97579545,0.007451314,0.003654938,0.006268382,0.006829987
0,0.9606447,0.017067568,0.006944265,0.010081204,0.0052620866
2,0.02760343,0.061332695,0.7996884,0.07850126,0.03287421
0,0.9757173,0.007382523,0.0040601185,0.007963758,0.0048762998
4,0.0069309734,0.0067860866,0.0059937485,0.0019027105,0.97838646
2,0.0849294,0.103214264,0.63209015,0.17174901,0.008017237
0,0.9766255,0.0077734743,0.0039336276,0.007952514,0.0037150057
0,0.97623336,0.0077592395,0.0037815943,0.0077779205,0.004447771
4,0.0034007682,0.003425751,0.0031978243,0.0017373102,0.9882385
4,0.002666584,0.0030343656,0.0017143063,0.0011219918,0.99146265
0,0.91134506,0.04815623,0.008856332,0.01625286,0.015389719
0,0.9756039,0.0072123115,0.004059375,0.0073686517,0.0057559493
4,0.058133155,0.20269378,0.2280625,0.062349264,0.44876125
4,0.005269657,0.006360249,0.006678107,0.0020964537,0.9795955
4,0.0022833787,0.0027230883,0.0013648651,0.0008944232,0.99273425
0,0.9484521,0.021214474,0.004645066,0.008179667,0.017508527
0,0.94762325,0.01981343,0.008196336,0.009083715,0.01528309
0,0.82391185,0.026763007,0.0095812855,0.00937487,0.13036908
0,0.8868774,0.054061394,0.017483572,0.037274204,0.0043033976
2,0.05223759,0.19276893,0.5733537,0.08089426,0.100745514
2,0.05818159,0.12698604,0.6469859,0.15887569,0.008970795
4,0.001880043,0.0038187762,0.0020018185,0.0012966013,0.99100274
4,0.0022954748,0.0029850083,0.0013666821,0.0010816698,0.9922714
0,0.5768683,0.04644583,0.016150305,0.016274186,0.34426135
0,0.9212352,0.019196674,0.005357189,0.00985815,0.04435256
4,0.0024034677,0.002707125,0.0013709206,0.00092305517,0.99259555
0,0.9761864,0.009399618,0.003224353,0.00797973,0.003209742
4,0.004378215,0.0034372478,0.0018964605,0.0012298373,0.98905826
4,0.0025330794,0.0026796986,0.0013766644,0.00092377816,0.9924868
4,0.0020676805,0.0034636543,0.0015778943,0.0010941227,0.99179643
0,0.9708156,0.008841434,0.0052089863,0.008565934,0.0065681715
0,0.9749286,0.008623568,0.0038505592,0.009453779,0.003143637
0,0.95916265,0.011056666,0.0062036244,0.008553852,0.0150234355
4,0.0550199,0.015695477,0.006901059,0.0044016135,0.91798204
4,0.0026843552,0.0027852275,0.0015745529,0.0010407537,0.99191517
0,0.6410524,0.12755977,0.09019108,0.04665288,0.09454381
0,0.51248455,0.14848371,0.20789017,0.1206466,0.010494987
0,0.9460941,0.01772347,0.01243204,0.009973617,0.013776711
0,0.9135712,0.021170372,0.00564039,0.0073289108,0.05228925
0,0.9470339,0.023941591,0.0074232575,0.019077703,0.002523503
4,0.0020051966,0.0029923532,0.0016708903,0.001112126,0.9922194
0,0.9761748,0.008378948,0.0030544002,0.0076851496,0.0047067283
0,0.95658594,0.0157371,0.010425622,0.010158803,0.007092407
0,0.91023344,0.0402799,0.01659515,0.025809512,0.0070819044
0,0.9727312,0.011090625,0.0041043633,0.008865002,0.0032089707
4,0.007429954,0.003379865,0.0016521477,0.0012047677,0.98633313
4,0.0118182665,0.008086663,0.0037178127,0.0029083842,0.9734687
0,0.9642294,0.015125203,0.005806867,0.009433164,0.005405332
4,0.002288849,0.0031477439,0.0017837741,0.0011768003,0.9916031
0,0.69612366,0.09366556,0.12231744,0.06850217,0.019391071
0,0.9606859,0.0121360095,0.00517595,0.008339439,0.01366267
0,0.97617334,0.007705637,0.003909161,0.0079923235,0.0042193313
0,0.96753836,0.011044864,0.004623177,0.007970198,0.008823437
0,0.96547663,0.013740143,0.0043932763,0.008705804,0.0076842406
0,0.9747649,0.0076122466,0.0045196377,0.00760395,0.0054990426
4,0.013937412,0.004360293,0.0022487452,0.0015903108,0.9778633
0,0.9730791,0.010760506,0.003720943,0.007896609,0.004542713
0,0.75129855,0.082393244,0.049858034,0.030430574,0.08601948
4,0.0023310794,0.003915333,0.0029735283,0.0014630832,0.9893172
0,0.9759797,0.007864066,0.0039329166,0.009419967,0.0028031103
4,0.003115537,0.0027641244,0.0014242545,0.0009194565,0.99177665
2,0.09374189,0.13971944,0.5735878,0.18399963,0.00895123
4,0.1428741,0.02669011,0.013167492,0.007060156,0.81020814
0,0.97637403,0.008910876,0.003550017,0.0076657045,0.0034994415
4,0.0026220044,0.00266281,0.0013552087,0.00095311657,0.9924067
4,0.0026462297,0.0029232989,0.0017713128,0.0011688619,0.9914906
4,0.005054398,0.011123117,0.011496769,0.0050867214,0.96723896
0,0.49068192,0.13633128,0.15848517,0.20792402,0.0065775206
0,0.7730869,0.08935837,0.044680953,0.08889744,0.003976318
4,0.01917708,0.007929643,0.007754945,0.0034456744,0.9616927
0,0.960641,0.013415927,0.004868682,0.0093179755,0.011756349
0,0.9509474,0.014237943,0.00621002,0.008330946,0.020273708
4,0.009414323,0.020366333,0.032790884,0.0049312892,0.932497
4,0.0017616086,0.002783585,0.0020408374,0.000998649,0.9924153
4,0.005569549,0.0031869677,0.0013127113,0.0010982091,0.98883235
2,0.07382667,0.07678535,0.7439786,0.09438404,0.011025216
4,0.0060293623,0.00461871,0.0020079503,0.0015782163,0.98576564
2,0.10971922,0.1243498,0.61130047,0.13503309,0.01959759
0,0.96733856,0.009555575,0.004558934,0.006823453,0.011723528
0,0.5933948,0.097592466,0.062282108,0.026874961,0.21985549
2,0.0331401,0.055560708,0.81627697,0.078138076,0.016884184
4,0.007888133,0.008442112,0.0059616393,0.002181125,0.97552705
4,0.011860155,0.009488948,0.0077874353,0.0023742456,0.9684892
4,0.0021275263,0.0028616302,0.0019419207,0.000978412,0.99209064
4,0.0023704558,0.0026470525,0.0013521143,0.00095427484,0.9926761
0,0.9431613,0.023770142,0.0050669773,0.009647136,0.018354537
4,0.010735434,0.003721779,0.002036224,0.0015239273,0.98198247
4,0.006474224,0.0073895203,0.011658683,0.0031905242,0.97128695
0,0.9765556,0.0074392753,0.0033605387,0.0068336613,0.00581098
0,0.9686963,0.010582471,0.0048204293,0.0065761623,0.009324465
4,0.002710301,0.0027500272,0.001638352,0.0010608981,0.9918404
4,0.002032565,0.0026084057,0.0015368862,0.0009751042,0.99284685
4,0.002990707,0.0026423954,0.0013432691,0.0010081525,0.99201554
4,0.0026914505,0.0029661192,0.0014900445,0.0009748369,0.9918774
4,0.002308175,0.002555543,0.0013000204,0.00093927816,0.99289715
0,0.9499777,0.019542681,0.0058360635,0.013223953,0.0114194965
0,0.9757759,0.008714023,0.0034704213,0.009159304,0.0028801505
0,0.9731376,0.0087254075,0.004379403,0.009727349,0.004030547
0,0.9491895,0.023915319,0.0070953197,0.016240403,0.0035596893
4,0.0032255927,0.0026311323,0.001359588,0.00097523665,0.99180835
4,0.002204507,0.0031977955,0.0020592413,0.0012573198,0.99128115
0,0.9676184,0.012239671,0.0052163713,0.012379208,0.002546567
0,0.9532683,0.02233337,0.006721565,0.014152811,0.0035240152
0,0.97752416,0.0070319003,0.0033261753,0.0066767544,0.00544113
4,0.0025328149,0.0026927455,0.002157981,0.0010961337,0.99152035
4,0.016028024,0.0219552,0.022674661,0.0077965306,0.93154556
0,0.958459,0.016050385,0.004555653,0.010817967,0.010117047
4,0.0024876671,0.0035273891,0.0015730796,0.0009793156,0.9914323
0,0.97022736,0.012871805,0.0035973089,0.007845018,0.0054582916
4,0.03701983,0.010880704,0.0075393016,0.0031499856,0.94141006
0,0.97277856,0.010394685,0.0039320504,0.010458583,0.002436072
0,0.97322327,0.007858999,0.0043372675,0.008482844,0.0060977386
0,0.95271295,0.022629168,0.005723517,0.011304089,0.0076303557
0,0.9701753,0.011625885,0.00459012,0.0072565423,0.006352159
0,0.887854,0.022011194,0.0064899633,0.009559144,0.074085705
2,0.038559794,0.12824804,0.5186755,0.06381036,0.25070634
4,0.0030405794,0.0027530359,0.0014140956,0.001016949,0.9917752
4,0.004409304,0.004051495,0.0018502037,0.0014685926,0.9882206
4,0.002611872,0.0026469098,0.0017916661,0.0010712581,0.9918783
0,0.7942633,0.03262621,0.010588104,0.008829338,0.15369299
2,0.039281096,0.0738559,0.75938445,0.11459077,0.012887877
0,0.5544111,0.21506909,0.092594735,0.11669212,0.021232922
4,0.0024120393,0.0033225787,0.0016756585,0.0010354728,0.9915544
0,0.84016466,0.08858414,0.015575027,0.021768019,0.0339083
2,0.08774754,0.15256622,0.556208,0.1901099,0.013368309
0,0.9754159,0.009406582,0.0036380717,0.008906355,0.0026332585
0,0.9764303,0.009270613,0.003376595,0.00670972,0.0042127413
0,0.9748063,0.010186142,0.0032851507,0.008855445,0.0028671494
4,0.033917382,0.01170072,0.008933458,0.003549924,0.9418986
0,0.9760589,0.008707468,0.0034199085,0.0072924476,0.0045211874
0,0.813603,0.08147002,0.042131715,0.047090404,0.015704894
2,0.029580789,0.054885734,0.8187104,0.07475801,0.022065
2,0.03070317,0.080005854,0.7819832,0.08165575,0.025652211
2,0.09707963,0.16911355,0.4433397,0.28242964,0.00803747
4,0.0028761623,0.0035647699,0.002287577,0.0009981605,0.9902735
4,0.0019063976,0.0028543528,0.0021826618,0.0011382849,0.99191797
4,0.0050520897,0.005040359,0.0036556663,0.0012820523,0.9849698
0,0.9679054,0.0122337965,0.004426851,0.012111689,0.0033224376
0,0.53754693,0.12829936,0.13434589,0.19584282,0.003964916
2,0.03652838,0.0531784,0.81336683,0.082508855,0.014417547
0,0.58520573,0.053903777,0.025763912,0.015421579,0.31970495
4,0.003932793,0.0031710404,0.0018351044,0.0010237445,0.99003726
4,0.004900977,0.0045411233,0.002198188,0.0016482408,0.98671144
0,0.9747672,0.00976931,0.0034684476,0.008744334,0.003250389
2,0.046252,0.09048328,0.7115218,0.1421635,0.009579307
4,0.0027738991,0.0032766366,0.0012156044,0.0011173144,0.9916168
4,0.0022882838,0.0026918394,0.0012987163,0.00096497807,0.99275595
0,0.975234,0.0076240315,0.0039969147,0.008950056,0.004194769
0,0.9630206,0.016752541,0.0051719383,0.010802698,0.0042521483
0,0.9706383,0.0111769,0.0060752225,0.008793137,0.0033163643
0,0.9073495,0.048673064,0.016609654,0.01781977,0.009547987
4,0.001975073,0.0029442355,0.0016114635,0.0010785271,0.9923907
0,0.9752674,0.007845164,0.0039000278,0.00910394,0.003883277
4,0.026778867,0.007090047,0.0023379691,0.0024727292,0.96132034
0,0.9767787,0.0074941223,0.0037586142,0.008040423,0.0039281356
4,0.0025034547,0.002937706,0.0016126487,0.0011421627,0.9918041
0,0.97642434,0.0074187927,0.0038296445,0.007109218,0.005218113
4,0.0017730545,0.002995074,0.0019364938,0.0010259509,0.99226946
2,0.029419739,0.07057361,0.80274683,0.059470087,0.037789736
0,0.96883535,0.010622759,0.0043449407,0.009261312,0.0069355224
0,0.5992764,0.1322574,0.07161231,0.03180074,0.16505313
4,0.0022503443,0.0026903304,0.0012676646,0.0009314497,0.9928602
0,0.9754786,0.008741624,0.0035866473,0.009398225,0.0027950804
4,0.005189022,0.003079886,0.0015851553,0.0010948142,0.98905116
0,0.97510844,0.008717439,0.004160139,0.007368483,0.0046453057
0,0.84400374,0.024240647,0.009865533,0.010932909,0.110957064
4,0.0017924659,0.0028941433,0.0015275693,0.0010301437,0.9927555
4,0.0016536507,0.0030387368,0.0022194262,0.0011308348,0.9919573
4,0.0017737766,0.0028811903,0.0015833882,0.0010659008,0.99269587
0,0.9687302,0.0113129765,0.004232417,0.006896016,0.008828454
4,0.001957199,0.0026655209,0.0014294322,0.0010016487,0.9929464
0,0.9755652,0.0076627955,0.0041424604,0.008163723,0.004465988
4,0.01296427,0.0039178007,0.0025170762,0.0014129748,0.979188
4,0.011881235,0.021687327,0.026771832,0.006794074,0.9328655
4,0.0025484888,0.0030054275,0.0017450963,0.0011518148,0.9915492
0,0.47527322,0.28417498,0.09974065,0.0867954,0.054015666
0,0.45828414,0.13746826,0.22859527,0.15839352,0.017258696
0,0.9729159,0.009136129,0.0040190015,0.0066247163,0.0073044505
0,0.97522604,0.008171524,0.0040873326,0.009011714,0.0035034756
0,0.94160587,0.021382721,0.003895595,0.008246299,0.024869448
4,0.002906998,0.0031817036,0.0015939322,0.0012519797,0.99106514
4,0.0016081672,0.003825465,0.0032768166,0.0013952679,0.9898944
4,0.0034225378,0.00373554,0.0033291571,0.0014919399,0.9880208
4,0.0040889876,0.008039143,0.011168366,0.002725967,0.9739774
2,0.032802474,0.08021488,0.7829508,0.071079694,0.03295222
0,0.9105242,0.040171646,0.010902824,0.023401214,0.015000093
0,0.97678894,0.0075322515,0.003286857,0.006277044,0.0061147516
4,0.0026500747,0.0042187637,0.0020708086,0.0012473088,0.98981315
4,0.0017286155,0.0029164613,0.0017003922,0.0011027702,0.992552
0,0.9739374,0.008542744,0.0040872702,0.009627385,0.003805216
0,0.970025,0.0086957505,0.0055017937,0.009790756,0.005986719
0,0.97424394,0.008091672,0.0045611016,0.0080744205,0.005028546
0,0.960636,0.012234934,0.0039724894,0.0070630354,0.016093649
4,0.0024123257,0.0029280533,0.0012670126,0.0010179096,0.99237454
0,0.95195675,0.023601787,0.0067975805,0.01082723,0.006816676
0,0.9726241,0.010813949,0.0038730984,0.010008343,0.0026805035
4,0.0016609844,0.0028729304,0.001826731,0.0009781583,0.99266136
0,0.97047424,0.00891524,0.0046362258,0.007863403,0.008110872
4,0.0032686018,0.0029296959,0.0017374393,0.0010594786,0.9910046
0,0.46581084,0.27221027,0.074567646,0.069581404,0.117829785
0,0.9746334,0.009632932,0.0040931664,0.008561177,0.0030789755
2,0.1206269,0.1396589,0.55948263,0.16679099,0.013440772
0,0.95805943,0.013185242,0.0048395363,0.007227101,0.016688727
0,0.96442294,0.016028896,0.0048631453,0.009767497,0.0049175085
0,0.9731422,0.009708901,0.0035666605,0.011096883,0.0024854275
4,0.0036429234,0.0033736178,0.0014879095,0.0011025437,0.9903929
0,0.9747105,0.008008438,0.004392417,0.00853919,0.0043496424
0,0.9725708,0.008341933,0.0047719316,0.009898371,0.004416812
4,0.0025524958,0.0024032772,0.0015701711,0.00096238276,0.9925118
0,0.97522336,0.0077299364,0.0040946635,0.008450662,0.004501292
2,0.045899756,0.09117857,0.7297921,0.1239536,0.009175894
0,0.7278573,0.1288067,0.07023955,0.06503246,0.008064197
0,0.97475517,0.0094388705,0.0041579776,0.008544142,0.0031036083
4,0.0025913138,0.0043646535,0.0036979169,0.0016361005,0.9877098
0,0.975433,0.010050049,0.0030665477,0.0067744995,0.0046757464
4,0.0018278043,0.002918775,0.0015018141,0.00096511526,0.99278635
4,0.0041424045,0.0042481255,0.0036759116,0.0018840993,0.9860496
4,0.016903266,0.033291712,0.11705785,0.011374174,0.82137305
4,0.002367476,0.0030548982,0.0027842368,0.0011529071,0.99064034
4,0.0036760988,0.0028631357,0.002791628,0.001291468,0.9893775
0,0.97703993,0.008566085,0.0034102676,0.006909867,0.00407386
4,0.002644735,0.0030511993,0.0013299361,0.0010342381,0.9919398
0,0.9713051,0.008514578,0.004840607,0.008847886,0.006491786
0,0.5224927,0.026120327,0.008640218,0.007140546,0.4356063
0,0.9760612,0.008517181,0.0035981752,0.006542224,0.0052812514
0,0.9708669,0.008364708,0.004750346,0.0075547937,0.008463123
0,0.9705897,0.011669028,0.0035585675,0.007462116,0.006720715
4,0.0027383214,0.0031606425,0.001311603,0.0011134542,0.99167585
0,0.9761655,0.00785296,0.004012493,0.008052605,0.0039163884
0,0.9769934,0.0075203083,0.0039272537,0.0069501847,0.0046086563
0,0.5429075,0.17969972,0.15703301,0.0968989,0.02346082
0,0.9313674,0.030046023,0.010029713,0.025542384,0.0030145145
2,0.053995322,0.10996039,0.63077766,0.19604932,0.009217388
4,0.0036247089,0.003183529,0.0020630015,0.0010883936,0.9900402
4,0.0027489013,0.0034431627,0.002300046,0.0013768967,0.99013084
0,0.93774146,0.02181727,0.004940549,0.008473089,0.027027663
4,0.0017620329,0.0032422747,0.002515676,0.0012346955,0.9912451
4,0.0023003772,0.0036142364,0.0019414949,0.0011355018,0.9910084
0,0.9709156,0.010990736,0.005430542,0.007993216,0.004670018
4,0.0024955322,0.003044499,0.0020083925,0.0010985516,0.991353
4,0.0021270018,0.0025005997,0.0014427593,0.0009311677,0.9929984
0,0.9716527,0.00834276,0.003694917,0.0056709936,0.010638647
0,0.96133626,0.015709067,0.006439577,0.014280737,0.0022342869
4,0.0025145547,0.0030161636,0.001346979,0.0010589906,0.9920633
4,0.0023866624,0.0036295238,0.0036365539,0.0014761685,0.98887104
4,0.0053034946,0.0031774037,0.0018537387,0.0012187448,0.9884467
4,0.0022338394,0.0026696676,0.0013400333,0.00095752935,0.9927991
0,0.96151245,0.011066087,0.0038678127,0.006564439,0.016989121
0,0.9499782,0.01327966,0.005119606,0.0068507446,0.0247717
4,0.0021366996,0.0028668582,0.0014286935,0.00097157864,0.992596
0,0.8635174,0.06548556,0.024979169,0.039799884,0.006218097
0,0.9747282,0.009169285,0.0042205164,0.007799372,0.0040827007
0,0.9077777,0.028903835,0.007650937,0.010474909,0.04519264
4,0.0018172853,0.002715464,0.0016533621,0.0009931859,0.99282086
4,0.0022943148,0.003200279,0.0019407285,0.0012914225,0.99127305
0,0.9721673,0.011321924,0.0038214775,0.00999823,0.0026909206
4,0.0026389803,0.0027172382,0.0012683503,0.0009744274,0.99240106
4,0.0021106014,0.0026912477,0.0017977045,0.00096810656,0.9924323
0,0.9711744,0.010477506,0.0031741313,0.0064553735,0.008718358
0,0.93883914,0.028081683,0.0059563396,0.012038048,0.01508473
0,0.89132494,0.048685808,0.015713306,0.019835157,0.02444076
4,0.0024715587,0.0026899802,0.001511015,0.000993032,0.99233437
0,0.9282583,0.03049622,0.01737446,0.016455442,0.007415461
0,0.8805591,0.04888741,0.009223516,0.013141078,0.04818885
4,0.0021491037,0.0032660016,0.0024709306,0.0012911449,0.99082273
2,0.03597479,0.08042206,0.7537949,0.11018778,0.019620627
2,0.032878067,0.050310876,0.81653064,0.08300963,0.017270666
4,0.024190355,0.08525634,0.3136578,0.029752033,0.5471434
4,0.0027284534,0.004481332,0.004949037,0.0016553405,0.98618597
4,0.0051172855,0.00831687,0.005037019,0.0029194863,0.9786095
0,0.9729468,0.0102940025,0.0038201564,0.009437745,0.003501109
4,0.0018437887,0.003411886,0.0014796534,0.001200574,0.9920642
4,0.0034749382,0.003770983,0.0023482102,0.0012471583,0.98915875
4,0.0027899381,0.0026243073,0.0016383333,0.0009836691,0.9919639
4,0.0028670495,0.002809449,0.0014321557,0.0010555921,0.99183565
0,0.97057354,0.012898041,0.0035337955,0.0067249825,0.006269596
0,0.60373175,0.12768802,0.14131506,0.058341585,0.06892365
4,0.002927752,0.0038647894,0.0035697692,0.0016540709,0.9879835
0,0.87779474,0.01982818,0.00497974,0.0083275335,0.08906984
0,0.5165235,0.06655806,0.0252558,0.01650876,0.37515384
0,0.96777946,0.010900936,0.003576668,0.0058892486,0.011853738
4,0.004342675,0.003681723,0.0027569311,0.0018834921,0.9873351
4,0.002001158,0.0025664105,0.0013824768,0.0009013614,0.99314857
4,0.0054497067,0.0027285146,0.0015941511,0.001019944,0.98920774
4,0.0021280518,0.0028608595,0.0014289169,0.0009781899,0.9926041
0,0.9724437,0.01095021,0.004106493,0.006927124,0.005572216
0,0.7382694,0.039231118,0.014510117,0.011658611,0.19633086
4,0.0022226311,0.0025778166,0.0016635018,0.000980429,0.9925558
4,0.034912422,0.035451792,0.015055189,0.006463181,0.9081176
4,0.0022967206,0.002984651,0.0018429606,0.0012226873,0.99165314
0,0.9123294,0.03165916,0.011093396,0.0100990115,0.03481908
2,0.045511894,0.07498956,0.7637928,0.07728567,0.038420163
0,0.9441346,0.023289325,0.012044152,0.016021017,0.0045108576
4,0.001727573,0.002781007,0.0016114925,0.0010421142,0.99283785
4,0.0034609023,0.004348806,0.0033984403,0.0012642925,0.9875276
4,0.0022528844,0.0030360923,0.0013628706,0.0011271294,0.99222124
0,0.9197363,0.0346591,0.013922155,0.028188888,0.0034936245
0,0.45582357,0.17669824,0.18462425,0.17140453,0.011449348
0,0.9705772,0.011653986,0.0041632364,0.0110409465,0.002564913
0,0.78831613,0.023654664,0.006176752,0.009222654,0.17262986
4,0.003420673,0.0032480808,0.001278709,0.001096613,0.99095595
2,0.06781958,0.09880988,0.71443594,0.07603199,0.042902417
2,0.047547355,0.10072754,0.5283059,0.04619003,0.27722913
4,0.0043431907,0.0049942615,0.006097279,0.002058836,0.9825063
2,0.054469995,0.08614125,0.7084236,0.13628379,0.0146812685
0,0.9476681,0.018324317,0.003877343,0.008747061,0.021383166
0,0.95799565,0.017331293,0.006701464,0.015859151,0.0021123926
0,0.77964014,0.034462936,0.008109321,0.008206629,0.169581
0,0.973534,0.009639893,0.0041572573,0.008375221,0.004293674
0,0.96740913,0.010153341,0.0041515166,0.007070772,0.011215002
0,0.9769026,0.0069550355,0.0037307218,0.0065617813,0.0058498834
4,0.005532975,0.002949866,0.0015597999,0.0010665043,0.9888908
4,0.0016808424,0.0028288323,0.0016966971,0.001052347,0.9927413
2,0.0298538,0.054777265,0.82610124,0.076456815,0.012810941
4,0.0025661888,0.002716355,0.0016495445,0.0009731974,0.99209446
4,0.002020805,0.0030902424,0.0019604475,0.001101528,0.99182725
4,0.0021423537,0.0027663042,0.0013968974,0.0010354783,0.992659
4,0.0018284129,0.002673288,0.0013866064,0.0009342526,0.9931775
0,0.97481185,0.008315471,0.004266764,0.009312331,0.003293346
2,0.103008844,0.19176912,0.48198473,0.21231116,0.010926171
4,0.00231941,0.0026767675,0.001471997,0.0010683406,0.9924635
4,0.001635715,0.0028597573,0.0019493959,0.0010672862,0.99248767
4,0.0032112128,0.0040967884,0.0022877778,0.0015322528,0.9888719
4,0.0055870195,0.0041045845,0.0015403806,0.0015271243,0.9872409
0,0.96755683,0.010623951,0.0049937735,0.009107126,0.007718445
4,0.0041344557,0.0034956958,0.0015464752,0.0010930495,0.9897305
4,0.051378697,0.016766982,0.0075511537,0.0039382237,0.9203648
4,0.0031163422,0.0035845218,0.00242859,0.0014647598,0.9894059
0,0.9622215,0.012436647,0.006646942,0.009967137,0.0087277
4,0.0025972207,0.003293338,0.0014849375,0.0010791094,0.9915454
2,0.02861172,0.04935432,0.836047,0.07050499,0.015482004
4,0.0024147448,0.0027830526,0.001568833,0.0010167288,0.99221647
4,0.0033754392,0.0029044347,0.0013346041,0.0010181271,0.99136764
0,0.97273207,0.00982456,0.004145246,0.008080891,0.0052170055
4,0.016103681,0.0075359126,0.0023057251,0.0020500878,0.97200465
4,0.063920915,0.021182964,0.011614077,0.005417021,0.89786494
4,0.003191559,0.0035733439,0.0018238719,0.0011832002,0.99022806
0,0.96579164,0.01402562,0.0047692615,0.0120190345,0.00339443
0,0.9698162,0.00943473,0.0054198266,0.0102062905,0.005122903
4,0.002587759,0.003927201,0.0030936245,0.0014497244,0.9889417
4,0.0071314746,0.0037140476,0.0016038817,0.0013022255,0.9862485
0,0.97259164,0.008108153,0.005100797,0.010351831,0.0038474903
4,0.0018836214,0.00324774,0.0022668825,0.0012522066,0.99134964
4,0.00545383,0.0050097317,0.0030066129,0.0018623053,0.98466736
0,0.94649523,0.024608647,0.008840797,0.013745916,0.006309447
4,0.004423977,0.003108828,0.0017007984,0.0010821903,0.98968434
0,0.97561735,0.007549735,0.0034941128,0.0063381027,0.0070008063
0,0.7286975,0.15278667,0.03605891,0.049514756,0.032942228
4,0.0026632266,0.0031715485,0.0012957058,0.0010537831,0.99181587
0,0.97469884,0.008079416,0.0036640097,0.008726756,0.0048309388
4,0.002735037,0.0036992484,0.0014389415,0.0013337745,0.99079293
0,0.9346839,0.024549438,0.010012544,0.02850814,0.0022460883
2,0.13993502,0.21537118,0.4189753,0.21393153,0.011786941
4,0.008938579,0.004003028,0.0026467382,0.0013019969,0.98310983
0,0.9747849,0.009867872,0.0039405194,0.0072074365,0.004199266
0,0.6416181,0.039001994,0.013202774,0.011605939,0.29457122
0,0.9762139,0.0077578626,0.0037666375,0.008020965,0.0042406106
4,0.0027954646,0.002484041,0.0015477736,0.00094120915,0.9922317
4,0.0060649104,0.0029415367,0.0018100615,0.0010730413,0.9881103
0,0.889425,0.053081505,0.019309325,0.020644832,0.017539168
4,0.0018295484,0.002947826,0.0015391377,0.0010705524,0.9926131
4,0.001716528,0.0032744517,0.001952247,0.0010662891,0.9919904
4,0.002649074,0.0025206532,0.0013302367,0.000890191,0.99260974
4,0.012798613,0.004438226,0.0031218946,0.0015074088,0.97813386
4,0.0028804555,0.0028226567,0.001468811,0.0011071159,0.99172074
0,0.97443867,0.008370258,0.004503795,0.008287543,0.0043994645
0,0.7962173,0.092504814,0.049944513,0.055833526,0.0054999865
4,0.0021464233,0.0027853602,0.0015403755,0.001022695,0.99250513
0,0.9254207,0.025420878,0.013796946,0.010022761,0.025338674
4,0.0019574622,0.002987154,0.0015316642,0.0011139528,0.99241006
4,0.002731851,0.0033867136,0.0012928741,0.0011475327,0.9914409
0,0.84313667,0.07427932,0.023451624,0.038608633,0.02052376
0,0.97605747,0.008372605,0.003618197,0.009455442,0.0024963287
0,0.97843957,0.0077771344,0.0030923048,0.0073462445,0.0033447105
4,0.0019756928,0.003911495,0.002562363,0.0014153814,0.9901351
4,0.0019800009,0.0029466357,0.0015585107,0.0010445017,0.99247056
0,0.9699674,0.009220553,0.004545584,0.008136965,0.008129445
4,0.0017129238,0.0032193111,0.0025137344,0.0011544155,0.9913998
0,0.9665887,0.011459065,0.0036085004,0.007376994,0.010966681
0,0.95741796,0.015325065,0.0061828727,0.008207048,0.012866908
0,0.9295042,0.019265937,0.0065640444,0.008011429,0.036654394
0,0.9756121,0.0074348743,0.003683628,0.00746502,0.0058046747
4,0.0039581517,0.0033132504,0.0025020845,0.001068866,0.9891577
4,0.0021408321,0.002838796,0.0018548804,0.0011585469,0.99200696
4,0.0042048525,0.004346999,0.0039161383,0.0020953272,0.98543674
0,0.9707807,0.010995374,0.003727206,0.007175052,0.0073217433
0,0.97345185,0.010650427,0.003468672,0.00938092,0.003048308
0,0.9770652,0.007529332,0.0035657252,0.007938693,0.003900982
2,0.11717954,0.10138708,0.6396804,0.12188144,0.019871524
4,0.003070718,0.0052995556,0.0031260296,0.0013822626,0.9871214
4,0.0022463903,0.0033599173,0.0032129637,0.0013545853,0.9898263
4,0.0015382397,0.003012998,0.0019486505,0.0009933332,0.9925066
4,0.0020511446,0.0027279162,0.0016187775,0.00096299744,0.99263906
4,0.0035785446,0.0030084257,0.001258424,0.0010634304,0.9910911
2,0.039016508,0.07010064,0.78223896,0.10149986,0.007143856
2,0.26505244,0.16398837,0.44120634,0.11684346,0.012909467
4,0.10445478,0.25587007,0.26751348,0.06130643,0.31085512
4,0.0023192274,0.0034065915,0.002919933,0.001429167,0.989925
0,0.9759076,0.008407038,0.00426921,0.008160991,0.0032552085
4,0.0061303005,0.0030868007,0.0015769437,0.0009618483,0.9882441
0,0.9671193,0.013372791,0.004702002,0.007968138,0.0068378723
0,0.9672957,0.010114258,0.0048462097,0.006494318,0.011249651
4,0.021019105,0.0056931977,0.0037419526,0.0023222563,0.9672235
4,0.0035879402,0.004155081,0.004561191,0.0014291117,0.98626643
4,0.0041740183,0.003535464,0.0013581307,0.0012807618,0.98965174
4,0.0029034128,0.0029958026,0.0013403184,0.0009942473,0.9917662
4,0.0045420825,0.0034664238,0.0015229756,0.001239395,0.98922896
0,0.93078005,0.018919662,0.0051699504,0.007070449,0.03805989
4,0.14576635,0.06514809,0.12363444,0.021171166,0.64427996
2,0.06331835,0.09478824,0.6092432,0.047191422,0.18545875
4,0.17514418,0.23083876,0.075827524,0.041429058,0.47676045
4,0.0034722304,0.0029736403,0.0020676134,0.0011782052,0.99030834
2,0.045737676,0.074260205,0.7744975,0.08096965,0.024534967
2,0.06985474,0.117322356,0.5647537,0.050712463,0.19735685
0,0.96478933,0.008661834,0.005850851,0.008498277,0.012199728
0,0.97716206,0.0071586045,0.0036273492,0.007141016,0.0049109636
0,0.9412678,0.022545079,0.011825127,0.009041944,0.015319994
0,0.97325593,0.009045325,0.004532092,0.009927351,0.0032391085
2,0.0466584,0.08782595,0.72554463,0.1302696,0.009701431
3,0.191601,0.20149727,0.28121147,0.3178032,0.00788717
2,0.050466973,0.09174726,0.74211884,0.08014585,0.035520896
4,0.0018529486,0.0029093556,0.001527774,0.0010221013,0.9926878
0,0.9735697,0.008225038,0.00414933,0.0072948057,0.0067610005
0,0.9674758,0.0123160435,0.0053192875,0.009910882,0.0049780225
0,0.9422524,0.027114382,0.0064722486,0.013236033,0.010924832
4,0.0022949276,0.0034874543,0.0029289287,0.0013104621,0.9899783
4,0.0016987771,0.0037268472,0.0025420806,0.0012799173,0.9907524
4,0.0044428697,0.003550625,0.0028518212,0.0014111008,0.9877438
4,0.06367039,0.008804533,0.004662755,0.0029387355,0.9199236
4,0.058348037,0.012297412,0.004190273,0.0032690957,0.921895
0,0.97136194,0.012043847,0.0040386505,0.007833867,0.0047216993
4,0.18866806,0.017302863,0.0074417153,0.0062183198,0.78036886
4,0.003056376,0.0030732346,0.001798074,0.001095395,0.99097675
0,0.90526754,0.05196588,0.008972019,0.016086727,0.01770774
0,0.9146114,0.037956163,0.014055587,0.024539666,0.008837327
0,0.9754558,0.0084854085,0.003939366,0.00924951,0.0028698442
4,0.002363455,0.0031958122,0.0013814191,0.0010724679,0.9919871
4,0.0019968648,0.002940917,0.0012474711,0.000986813,0.99282795
4,0.003301182,0.0027987924,0.0013416298,0.0010004354,0.9915582
4,0.0044936184,0.0036388661,0.0019368356,0.0015890603,0.9883416
0,0.974015,0.00785451,0.00457767,0.008500891,0.005051945
0,0.48970243,0.026326125,0.0091197295,0.010992266,0.4638593
4,0.0041379863,0.0029001294,0.0016783797,0.0010303495,0.9902531
0,0.9764955,0.007641039,0.003879849,0.008622668,0.0033610228
4,0.009096403,0.004952743,0.0030342876,0.0016469571,0.98126966
4,0.0019535292,0.0037250316,0.002155153,0.0014065866,0.99075985
4,0.15506268,0.23215291,0.2323043,0.053774364,0.32670566
0,0.9751136,0.008243547,0.0035830317,0.0069648484,0.0060948227
4,0.002164846,0.0027307235,0.0012990662,0.0009998134,0.9928058
2,0.039738443,0.07311788,0.7820568,0.07467046,0.03041622
4,0.0019385901,0.0033822223,0.0016896409,0.0012330858,0.99175626
0,0.96349216,0.012820206,0.0065323142,0.01389701,0.0032584695
4,0.0035542957,0.0035428354,0.0015089046,0.0012833299,0.9901106
4,0.0039677266,0.0027226922,0.0015616531,0.0009788832,0.99076885
4,0.12205623,0.05254494,0.14890037,0.029242905,0.64725554
4,0.30809158,0.032299966,0.01970139,0.009494066,0.6304131
0,0.7658407,0.038231194,0.015965749,0.011372884,0.16858938
4,0.0042282776,0.0032112268,0.001368974,0.0010529498,0.9901384
0,0.9475273,0.015933381,0.006270971,0.010366363,0.019901993
0,0.93359077,0.024982203,0.021034328,0.013374895,0.0070176306
4,0.0025155284,0.002425779,0.0013684212,0.0008120825,0.9928782
4,0.0044826334,0.003324029,0.0015798685,0.0012194634,0.9893941
0,0.96816385,0.013320656,0.0044190916,0.009875308,0.004221141
0,0.9662122,0.014070744,0.004834524,0.011575016,0.0033074687
2,0.043039355,0.05671337,0.80499035,0.06496262,0.030294072
2,0.032190762,0.055396013,0.8094756,0.092480555,0.0104570575
